Edward Carter,200,20
Kristin Robinson,201,92
Diana Vega,202,51
Kathryn Doyle,203,59
Brandon Simmons,204,83
Seth Hall,205,69
Bethany Lawson,206,83
Paul Kelley,207,55
Jacob Chan,208,98
Gerald Santos,209,40
Jessica Doyle,210,46
Karen Lopez,211,77
Megan Guerrero,212,41
Anthony Barnes,213,64
Victoria Wright,214,54
Kayla Castillo,215,72
James Rhodes,216,55
Kyle Larson,217,27
Melissa Harper,218,83
Carlos Phillips,219,43
Luis Hunter,220,81
Heather Lee,221,48
Amy Jensen,222,17
Allen Wheeler,223,46
Brenda Molina,224,56
Joseph Hardin,225,35
James Haynes,226,14
George Richards,227,99
Melanie Castillo,228,28
Cheyenne Garcia,229,95
Catherine Wolf,230,74
Rachel Rios,231,74
Julia Key,232,55
Adam Reid,233,14
John Mcdaniel,234,19
Kathy Mcknight,235,17
Kimberly Crane,236,62
Sarah Jensen,237,44
Amy Mccall,238,70
Steven Chaney,239,96
Caroline Valencia,240,49
Gregory Lara,241,51
Jennifer Ward,242,16
Thomas Phillips,243,63
Theresa Mitchell,244,58
Linda Myers,245,40
Dana Rodriguez,246,71
Benjamin Ali,247,69
Sheila Murphy,248,86
Jeremy Espinoza,249,37
Alexander Rice,250,74
Debra Martinez,251,33
Tara Lane,252,51
Elaine Rasmussen,253,55
James Cox,254,36
Daniel Olson,255,43
Scott Davis,256,45
Mark Patrick,257,95
Cameron Wong,258,59
Charles Oliver,259,58
Christopher Rodriguez,260,86
Timothy Mayer,261,25
Chad Smith,262,67
Cassidy Rodriguez,263,34
David Burgess,264,81
Angela Casey,265,94
Kenneth Lutz,266,21
Misty Ali,267,28
Sara Howell,268,68
Shelia Glover,269,90
Jessica Rubio,270,46
William Jones,271,62
Jessica Huff,272,70
Rebecca Obrien,273,85
Jason White,274,38
Cynthia Sloan,275,14
Ellen Mason,276,92
John Martin,277,21
Lori Mcgrath,278,81
Lisa Miller,279,42
Amanda Sloan,280,37
Tina Richardson,281,39
Stephanie Davis,282,91
Carlos Knight,283,17
Laurie Turner,284,46
Stephanie Dudley,285,40
Meagan Whitaker,286,91
Sean Ferguson,287,80
Alexander Harrison,288,79
Keith Morales,289,55
Jessica Moore,290,81
Thomas Jones,291,59
Courtney Martin,292,21
Joann Clements,293,35
Christopher Lang,294,53
Vanessa Brown,295,60
Allison Valdez,296,89
Virginia Mendez,297,28
Jill Torres,298,67
Andrew Bennett,299,22
Michael Lawrence,300,62
Gregory Ponce,301,39
Andrew Rodriguez,302,68
Logan Sanchez,303,49
Morgan Smith,304,99
Justin Bishop,305,89
David Miller,306,32
Stephanie Peters,307,55
Eric Murphy,308,82
Amy Howard,309,68
Hannah Roman,310,22
Courtney Griffin,311,47
Lauren Morris,312,31
Roberto Lucas,313,42
George Cole,314,70
Aaron Collins,315,31
Catherine Johnson,316,99
Daniel Bowman,317,83
April Smith,318,90
Zachary Ortiz,319,76
Randy Hunt,320,83
Mr. Scott Deleon,321,39
Christian Jackson,322,64
Daniel Love,323,40
Stephen Walker,324,81
Tiffany Snyder,325,54
Bobby Brown,326,34
Kevin Harrell,327,78
Courtney Moore,328,99
Jonathan Cox,329,95
Emily Jenkins,330,49
Tammy Jones,331,89
Edward Anderson,332,23
Christopher Sims,333,33
Matthew Ashley,334,33
Gary Sullivan,335,30
Eric Martinez,336,66
Robert Ryan,337,36
Wendy Weaver,338,60
Shelby Marks,339,63
Rebekah Yang,340,99
Joseph Campos,341,15
Christopher Mercado,342,40
Shelly Crawford,343,85
Ryan Newman,344,47
Jessica Woodward,345,95
Amy Snyder,346,62
Alexandra Wagner,347,90
Trevor Moran,348,31
Phillip Hanson,349,27
